id1;start1;end1;id2;start2;end2;subseqDP;hybridDP;E
b0001;176;296;sgrS;6;104;AAAAAUUACAGAGUACACAACAUCCAUGAAACGCAUUAGCACCACCAUUACCACCACCAUCACCAUUACCACAGGUAACGGUGCGGGCUGACGCGUACAGGAAACACAGAAAAAAGCCCGC&GUGGGAUGACCGCAAUUCUGAAAGUUGACUUGCCUGCAUCAUGUGUGACUGAGUAUUGGUGUAAAAUCACCCGCCAGCAGAUUAUACCUGCUGGUUUUU;(((((((((((.(((......(((..((...((.........(((((.(((........(((.......((((.((...(((((((((..........((..(((.(((((.....(((((&)))))..........)))))...)))..)).))))))))))).))))..)))))).)))))..........)).))...)))..)))))).))))))));-41.4
b0001;2;78;ryhB;1;83;AGUAUUUUUCAGCUUUUCAUUCUGACUGCAACGGGCAAUAUGUCUCUGUGUGGAUUAAAAAAAGAGUGUCUGAUAGC&GCGAUCAGGAAGACCCUCGCGGAGAACCUGAAAGCACGACAUUGCUCACAUUGCUUCCAGUAUUACUUAGCCAGCCGGGUGCU;(((((((....(((.......(((...((((.(((((((...((((((((.((..........(....((((((.((&)).))))))....))).))))))))...............)))))))...))))...)))........))).....)))))));-37.6
b0002;96;204;sgrS;3;100;ACCACAGGUAACGGUGCGGGCUGACGCGUACAGGAAACACAGAAAAAAGCCCGCACCUGACAGUGCGGGCUUUUUUUUUCGACCAAAGGUAACGAGGUAACAACCAUGC&GCAGUGGGAUGACCGCAAUUCUGAAAGUUGACUUGCCUGCAUCAUGUGUGACUGAGUAUUGGUGUAAAAUCACCCGCCAGCAGAUUAUACCUGCUGGU;((((((((((...(((((((.(((....((((.((.((.(((.........(((((.(((...(((((((........(((((....((......(((.....((((((&))).)))....)))......))....)))))...)))))))))).))))).))).)).))..))))...))))))))..))......)))))).))));-59.3
b0003;186;291;sgrS;1;97;AGUUAGGAGUCUGACAUGGUUAAAGUUUAUGCCCCGGCUUCCAGUGCCAAUAUGAGCGUCGGGUUUGAUGUGCUCGGGGCGGCGGUGACACCUGUUGAUGGUGCAU&AUGCAGUGGGAUGACCGCAAUUCUGAAAGUUGACUUGCCUGCAUCAUGUGUGACUGAGUAUUGGUGUAAAAUCACCCGCCAGCAGAUUAUACCUGCU;(((.(((((((((.(.((((.....((((((((...(((..((((..(.((((((..(.((((((((((....((((((..(((((.(..((.......(.(((((&))))).)))..).)))))..))))))..)))))...)))))).)))))))..)))))))...)))))))).......)))))))))))...))))));-60.5
b0004;133;273;sgrS;2;103;AAAAUCAGGAAGGUUUUGUUCAUAUUUGCCGGCUGGAUACGGCGGGCGCACGAGUACUGGAAAACUAAAUGAAACUCUACAAUCUGAAAGAUCACAACGAGCAGGUCAGCUUUGCGCAAGCCGUAACCCAGGGGUUGGGCA&UGCAGUGGGAUGACCGCAAUUCUGAAAGUUGACUUGCCUGCAUCAUGUGUGACUGAGUAUUGGUGUAAAAUCACCCGCCAGCAGAUUAUACCUGCUGGUUUU;((((((((..((((.........((((((.(((.......((.((..((((.((((((.(..........(....((((((...(((..........((.(((((((((((((......((.((..((((........(((&)))..))))...)).)).......))))))))))))).))..))))))).)))).)))))).))))....)).)).))).))))))...)))).))))))));-54.9
b0002;140;262;ryhB;1;90;AAAAGCCCGCACCUGACAGUGCGGGCUUUUUUUUUCGACCAAAGGUAACGAGGUAACAACCAUGCGAGUGUUGAAGUUCGGCGGUACAUCAGUGGCAAAUGCAGAACGUUUUCUGCGUGUUGC&GCGAUCAGGAAGACCCUCGCGGAGAACCUGAAAGCACGACAUUGCUCACAUUGCUUCCAGUAUUACUUAGCCAGCCGGGUGCUGGCUUUU;(((((((.(((((((.....((.((((..........((..........((((((......(((.(((((.((....(((((......((((.(.....(((.((..(((((((....(((((&)))))..)))))))..))))).....)))))..)).))))).))))).)))))))))..)).......)))).))))))))).)))))));-56.9
b0003;80;167;ryhB;1;87;AGCCACUAUUAUCAGCCGCUGCCGUUGGUACUGCGCGGAUAUGGUGCGGGCAAUGACGUUACAGCUGCCGGUGUCUUUGCUGAUCUGC&GCGAUCAGGAAGACCCUCGCGGAGAACCUGAAAGCACGACAUUGCUCACAUUGCUUCCAGUAUUACUUAGCCAGCCGGGUGCUGGCU;(((((.......((.((((((.(...((((.(((..(((..(((((.((((((((.(((..(((((((.((.((((((.((((((.((&))))))))))))))))..)))).....))).....))).)))))))).)))))..))).))).))))..).))).))).)).)))));-65.2
b0004;93;181;ryhB;1;86;GCCCAGCGCGUUGCCGACUGGUUGGGUAAGAACUACCUGCAAAAUCAGGAAGGUUUUGUUCAUAUUUGCCGGCUGGAUACGGCGGGCGC&GCGAUCAGGAAGACCCUCGCGGAGAACCUGAAAGCACGACAUUGCUCACAUUGCUUCCAGUAUUACUUAGCCAGCCGGGUGCUGGC;(((.(((((....(((.((((((((((((..(((....((((....((.((.(((.((((((..(((.(((...((......(.(((((&))).)).)......))...))).)))..)))..))).))).)).))....))))....))).)))))))))))).)))))))))));-57
b0006;28;123;sgrS;6;100;GCCAGCGUAAACUCGGCGUGCGCCCGGUGUUUGAUCCAUUGCGUUAUCCGGAUAUCGGUCGCCAGCUUUCUCCGGACGCGUGGGAUGAUGUUUCGC&GUGGGAUGACCGCAAUUCUGAAAGUUGACUUGCCUGCAUCAUGUGUGACUGAGUAUUGGUGUAAAAUCACCCGCCAGCAGAUUAUACCUGCUGGU;(((((((((...((.((..(((...((((((((..(((.((((((((.(((((...(((...((((((((...(((...((((......(((((((&)))))))..))))...)))))))))))....)))...))).)).)))))...))).)))..))))..)))))))..)).))...)))..))))));-54.4
b0007;178;300;sgrS;1;101;GACCGGCAAUAAGAGGGAUAUGCAUGCCAGAUUUUUUCUCCUUCAUUAACAGCGUCCUUUGGGGAUCGGUAAUGAUUUACCUGCUCUUCGGCGCAGGUUGUUGGUUCACUUUUCGCACCGGAU&AUGCAGUGGGAUGACCGCAAUUCUGAAAGUUGACUUGCCUGCAUCAUGUGUGACUGAGUAUUGGUGUAAAAUCACCCGCCAGCAGAUUAUACCUGCUGGUU;(((((((......(((..(((((..((..((((((........((((((..((.((......((.(((...(((((.((...((...(((((.(((((((.(((.(((....((.(((.(.((&)).).))).)))))))))))).)))...)))))...)).)).)))))...))))))))).)))))).))))))....))..)))...))..))))))))));-42.3
b0008;29;131;sgrS;1;98;CAUGAGGUUUUGUAUAAAAAUGGCGGGCGAUAUCAACGCAGUGUCAGAAAUCCGAAACAGUCUCGCCUGGCGAUAACCGUCUUGUCGGCGGUUGCGCUGACGU&AUGCAGUGGGAUGACCGCAAUUCUGAAAGUUGACUUGCCUGCAUCAUGUGUGACUGAGUAUUGGUGUAAAAUCACCCGCCAGCAGAUUAUACCUGCUG;((..(((((((((.......(((((((.(((....((.(((((((((...((....(((.....((..(((((((((..(((((.(((..(((.(((((.(((&)))))))).)))..))))))....))..))))..))))).))....)))..)))))).))))))).....))).))))))))))))....))))..));-59.6
b0007;227;293;ryhB;1;84;CAGCGUCCUUUGGGGAUCGGUAAUGAUUUACCUGCUCUUCGGCGCAGGUUGUUGGUUCACUUUUCGC&GCGAUCAGGAAGACCCUCGCGGAGAACCUGAAAGCACGACAUUGCUCACAUUGCUUCCAGUAUUACUUAGCCAGCCGGGUGCUG;((((((((.(((((((..(((((((........((...(((((.((((((.((.((((.((..((((&))))..))))........)).)).))))))...)).)))....))...))))))))))............))))..))))))));-43.5
b0006;28;123;ryhB;1;86;GCCAGCGUAAACUCGGCGUGCGCCCGGUGUUUGAUCCAUUGCGUUAUCCGGAUAUCGGUCGCCAGCUUUCUCCGGACGCGUGGGAUGAUGUUUCGC&GCGAUCAGGAAGACCCUCGCGGAGAACCUGAAAGCACGACAUUGCUCACAUUGCUUCCAGUAUUACUUAGCCAGCCGGGUGCUGGC;((((((....(((((((.((.((..((((....((.....(((.......((.....((((...((((((......((((.(((....((..((((&)))).))......))).))))........)))))).)))).....))....))).....))..))))..)))))))))))))))));-59
b0005;174;296;sgrS;2;101;AACGGGCAAUGAUAAAAGGAGUAACCUGUGAAAAAGAUGCAAUCUAUCGUACUCGCACUUUCCCUGGUUCUGGUCGCUCCCAUGGCAGCACAGGCUGCGGAAAUUACGUUAGUCCCGUCAGUA&UGCAGUGGGAUGACCGCAAUUCUGAAAGUUGACUUGCCUGCAUCAUGUGUGACUGAGUAUUGGUGUAAAAUCACCCGCCAGCAGAUUAUACCUGCUGGUU;(((.((((.........((.((((.((((.........((.........(....(((((....((.....(((((((...((((((((((..((((.(((.((((.((...((((((.(.(((&))).)))))))...)).)))))))..))))....))).)))..)))).)))))))))....)))))).........))..)))).)))).)))))).)));-44.9
b0008;19;123;ryhB;1;86;GCGUAGCAUACAUGAGGUUUUGUAUAAAAAUGGCGGGCGAUAUCAACGCAGUGUCAGAAAUCCGAAACAGUCUCGCCUGGCGAUAACCGUCUUGUCGGCGGUUGC&GCGAUCAGGAAGACCCUCGCGGAGAACCUGAAAGCACGACAUUGCUCACAUUGCUUCCAGUAUUACUUAGCCAGCCGGGUGCUGGC;((.((((((......((((..(((......(((.(((((((......((((((((.......(....(((..((.((..((((.....(((((.((...((((((&)))))).)))))))..)))))).))..)))...)...))))))))....))))))))))....)))..))))......))))))));-52.5
b0005;158;250;ryhB;1;85;CCGGAUAUCGACCCAUAACGGGCAAUGAUAAAAGGAGUAACCUGUGAAAAAGAUGCAAUCUAUCGUACUCGCACUUUCCCUGGUUCUGGUCGC&GCGAUCAGGAAGACCCUCGCGGAGAACCUGAAAGCACGACAUUGCUCACAUUGCUUCCAGUAUUACUUAGCCAGCCGGGUGCUGG;((((....(.((((......((((((((((...(((((((..(((((.......(((((...((((.((..((.((((((.((((((((((((&))))))))...))))...).)))))...))..)).)))).)))))))))))))))))...))))).)).)))....)))))))));-53.2
b0011;73;154;sgrS;4;98;CAGCGAUAACGACAAUAAACGCUGCGUCUCAAAAAUCACCUUUUCGGGUCAUACGGUGAACUCAUCGGAUAUGGCCACGCUG&CAGUGGGAUGACCGCAAUUCUGAAAGUUGACUUGCCUGCAUCAUGUGUGACUGAGUAUUGGUGUAAAAUCACCCGCCAGCAGAUUAUACCUGCUG;(((((.........((((.(((((((..........((((..((((.((((((((((.((((..(((((..(((((.(((((&)))))))....)))....))))).)))).)))............)))))))))))....))))..........)).)))).).))))...)))));-44.4
b0011;187;285;ryhB;1;90;AGAAGCCACAAAAAAUGAAUGUUAAUUACCUGAAUGAUUCAGAUCUGGAUUUUCUUCAGCAUUGUAGUGAGGAACAGUUGGCAAAUUUCGCCCGAUUGC&GCGAUCAGGAAGACCCUCGCGGAGAACCUGAAAGCACGACAUUGCUCACAUUGCUUCCAGUAUUACUUAGCCAGCCGGGUGCUGGCUUUU;((((((((........(.........((((((..((.....((((((((........((((.....(((((.((..((((((...((((((((((((((&)))))).)).........)))))).........)).)))).)).)))))..))))))))).))).......))..)))))))))))))));-41.1
b0009;62;182;sgrS;3;107;AAAAAUGAUCGGCGAUCUGCUGUAAUCAUUCUUAGCGUGACCGGGAAGUCGGUCACGCUACCUCUUCUGAAGCCUGUCUGUCACUCCCUUCGCAGUGUAUCAUUCUGUUUAACGAGACUGU&GCAGUGGGAUGACCGCAAUUCUGAAAGUUGACUUGCCUGCAUCAUGUGUGACUGAGUAUUGGUGUAAAAUCACCCGCCAGCAGAUUAUACCUGCUGGUUUUUUUU;(((((.((((((((((((((((.........((.((...(((((..(.((((((((((.........(((.((..((..((((((...((((...(((.(((((((..........(((((&))))))))))))..)))....)))))).))))..))..)).))).)))))))))).).))))))).)).........)))))))))......))))))).)))));-57.9
b0010;9;113;sgrS;4;105;AAAUCGCCUGCCUGCGCCGGAUGGUUAGCGCCACUCAGGUCUGAUACCGGAAACCGGGGAAAAUUUUCAUUUUCCCCUCAAAAGAUCGUAGACACUGCCCCACUG&CAGUGGGAUGACCGCAAUUCUGAAAGUUGACUUGCCUGCAUCAUGUGUGACUGAGUAUUGGUGUAAAAUCACCCGCCAGCAGAUUAUACCUGCUGGUUUUUU;(((..(((.((((((..(((.(((((.(((((((((((.((..((((..((...((((.((.....((((((((.........(.((((.........(((((((&))))))))))).)........))))).))).)).))))..))..))))))))))))...)))))..))))).)))...)))).........)).)))..)));-52.8
b0013;225;299;sgrS;2;100;GCCAGCCUGGCGAUUAGCCUGAUGCUGUGCUGCACGGCGCAGGCAAACGACCAUAAACUCCUCGGCGCCAUUGCA&UGCAGUGGGAUGACCGCAAUUCUGAAAGUUGACUUGCCUGCAUCAUGUGUGACUGAGUAUUGGUGUAAAAUCACCCGCCAGCAGAUUAUACCUGCUGGU;(((((((((((((((.((((((((((..(.((((((..((((((((.((((..(........(((((((((((((&))))))))..)).)))........)..))))..))))))))....)))))).)..)))))))).))..))))....)))))............))))));-60.1
b0013;225;292;ryhB;1;86;GCCAGCCUGGCGAUUAGCCUGAUGCUGUGCUGCACGGCGCAGGCAAACGACCAUAAACUCCUCGGCGC&GCGAUCAGGAAGACCCUCGCGGAGAACCUGAAAGCACGACAUUGCUCACAUUGCUUCCAGUAUUACUUAGCCAGCCGGGUGCUGGC;(((((((((((........((((((((.(..(((((((.((((....((.........((((.(((((&))).)))))).........)).....))))...)).)).............)))..)))))))))........)))))..))))));-47.2
b0014;86;230;sgrS;1;101;AACCGCAGUGAGUGAGUCUGCAAAAAAAUGAAAUUGGGCAGUUGAAACCAGACGUUUCGCCCCUAUUACAGACUCACAACCACAUGAUGACCGAAUAUAUAGUGGAGACGUUUAGAUGGGUAAAAUAAUUGGUAUCGACCUGGGU&AUGCAGUGGGAUGACCGCAAUUCUGAAAGUUGACUUGCCUGCAUCAUGUGUGACUGAGUAUUGGUGUAAAAUCACCCGCCAGCAGAUUAUACCUGCUGGUU;((((((((...((((((((((.......((....((((....(((.........(((((((..((((.(((..((((....((((((((..(((.........(..(((.((((((...((.........((((((...(((.((&)).)))...)))).))))...)))))).)))..))))....)))))))))))))))))))..)))).))).))))))).))))))))).))))))).))));-51.1
b0009;20;119;ryhB;1;87;GGAAGGUAUCCGUAAGUUUGCUAUUGACCAGGAAAAACUGGAAAAAAUGAUCGGCGAUCUGCUGUAAUCAUUCUUAGCGUGACCGGGAAGUCGGUCACGC&GCGAUCAGGAAGACCCUCGCGGAGAACCUGAAAGCACGACAUUGCUCACAUUGCUUCCAGUAUUACUUAGCCAGCCGGGUGCUGGCU;((..((((((((...(((.((((.......((.((.(((((((..((((...((((((.(..(((..((((((((..(((((..(((...((.....(((&))).....))...)))))))))))))..)))..)))..).))))))..))))..))))))).)).)))))).)))))))))))..));-55.6
b0010;213;298;ryhB;1;88;AAGUUGGCUAAUCCGGCACCGCUGGGCCUGAUGGGCUUCGGCAUGACCACCAUUCUGCUUAACCUGCACAACGUGGGUUAUUUCGC&GCGAUCAGGAAGACCCUCGCGGAGAACCUGAAAGCACGACAUUGCUCACAUUGCUUCCAGUAUUACUUAGCCAGCCGGGUGCUGGCUU;((((((((..(((((((...((((((.....((((....(((((((.((....(((((((......(.(..((.(((((.((((((&))))....)).))))).))..).).......))))).))...)).)))...))))))))......))))))..)))))))))))))));-52.2
b0014;214;296;ryhB;1;85;UUGGUAUCGACCUGGGUACUACCAACUCUUGUGUAGCGAUUAUGGAUGGCACCACUCCUCGCGUGCUGGAGAACGCCGAAGGC&GCGAUCAGGAAGACCCUCGCGGAGAACCUGAAAGCACGACAUUGCUCACAUUGCUUCCAGUAUUACUUAGCCAGCCGGGUGCUGG;((((((((...(((((((((.........((((.(((((...((....((..((...(((.((((..((.(....((((..((&))..)).))....))).)))))))....))...))....)))))))))))........))))).......))))...))))))));-37.7
b0015;1;83;sgrS;4;99;CCAGCAGCAACAUGCCCAGCAGCAGACUGCCGGUGCUGAUGCUUCUGCAAACAACGCGAAAGAUGACGAUGUUGUCGACGCUG&CAGUGGGAUGACCGCAAUUCUGAAAGUUGACUUGCCUGCAUCAUGUGUGACUGAGUAUUGGUGUAAAAUCACCCGCCAGCAGAUUAUACCUGCUGG;(((((((.....(((...(((.(((..(((((((((((((((....((((.((((.....(((((.((..((((((..(((((&))))).))))))))))..)))....))))..))))..)))))).))...)))).)))))).)))..............)))........)))))));-48.9
b0016;62;182;sgrS;4;104;AAAAGCCUGCCCGUGGGCAGGCCUGGGUAAAAAUAGGGUGCGUUGAAGAUAUGCGAGCACCUGUAAAGUGGCGGGGAUCACUCCCAUAAGCGCUAACUUAAGGGUUGUGGUAUUACGCCUG&CAGUGGGAUGACCGCAAUUCUGAAAGUUGACUUGCCUGCAUCAUGUGUGACUGAGUAUUGGUGUAAAAUCACCCGCCAGCAGAUUAUACCUGCUGGUUUUU;(((((((........((((((..(((.........(((((..........((....(((((.(((.(((.(((.((((((......((((...((((((.(((((((((((..(.(.((((&))).).))..)))))))))))..)))))).))))..)).))).).))).)))...))).)))))...))))))).........)))..)))))))))))));-56.9
b0015;114;205;ryhB;1;81;CGCCCUAUAAACGGGUAAUUAUACUGACACGGGCGAAGGGGAAUUUCCUCUCCGCCCGUGCAUUCAUCUAGGGGCAAUUUAAAAAAGAUGGC&GCGAUCAGGAAGACCCUCGCGGAGAACCUGAAAGCACGACAUUGCUCACAUUGCUUCCAGUAUUACUUAGCCAGCCGGGUG;(((((.......(((((((...((((....((((((.(((.(((.((..........((((.(((((((.((((...(((......(((.((&)).)))..)))...))))..))).....)))).)))))).))).)))...)))))).)))))))))))........)))));-38.6
b0016;62;184;ryhB;4;90;AAAAGCCUGCCCGUGGGCAGGCCUGGGUAAAAAUAGGGUGCGUUGAAGAUAUGCGAGCACCUGUAAAGUGGCGGGGAUCACUCCCAUAAGCGCUAACUUAAGGGUUGUGGUAUUACGCCUGAU&AUCAGGAAGACCCUCGCGGAGAACCUGAAAGCACGACAUUGCUCACAUUGCUUCCAGUAUUACUUAGCCAGCCGGGUGCUGGCUUUU;(((((((.((((...(((.((.(((((((........((((...((((..(((.(((((..(((...((..((((.....((((.....(((........((((((.(.........((((((&))))))).)))))))))))))..))))...))...))).))))).)))..))))..))))))))))))).))).)).)).)))))));-69.3
b0018;85;204;sgrS;3;107;AAAGAGAGCGAUAUAAUAGCGGCGGGUGCUUGAGGCUGUCUGUCUCAGGCAUUAGCUGAACGGCAGAUAGAGAAAAGCCCCGAGUGAUAUUUUACCAUCAACCCGAGGCCUCCUAUAUGC&GCAGUGGGAUGACCGCAAUUCUGAAAGUUGACUUGCCUGCAUCAUGUGUGACUGAGUAUUGGUGUAAAAUCACCCGCCAGCAGAUUAUACCUGCUGGUUUUUUUU;(((((((((.(((((((.((((((((((.((.(.((((.....(((((.(((..(((((...((((..........((...((((.(..(((((..........(.(((.((((((.(((&))))))))).).)).).....)))))..).)))))))))).))).))))).)))))...)))).)..)).)))))))).))..)))))).....).)))))))));-57.1
b4412;28;147;sgrS;3;107;AAAGAGAGCGAUAUAAUAGCGGCGGGUGCUUGAGGCUGUCUGUCUCAGGCAUUAGCUGAACGGCAGAUAGAGAAAAGCCCCGAGUGAUAUUUUACCAUCAACCCGAGGCCUCCUAUAUGC&GCAGUGGGAUGACCGCAAUUCUGAAAGUUGACUUGCCUGCAUCAUGUGUGACUGAGUAUUGGUGUAAAAUCACCCGCCAGCAGAUUAUACCUGCUGGUUUUUUUU;(((((((((.(((((((.((((((((((.((.(.((((.....(((((.(((..(((((...((((..........((...((((.(..(((((..........(.(((.((((((.(((&))))))))).).)).).....)))))..).)))))))))).))).))))).)))))...)))).)..)).)))))))).))..)))))).....).)))))))));-57.1
b0019;187;274;sgrS;3;107;AAGAGAAAUAAAAAGUGAAACAUCUGCAUCGAUUCUUUAGCAGUGAUGCCUCGGGAGGCAUUAUUCUUAUCAUUGCCGCUAUCCUGGC&GCAGUGGGAUGACCGCAAUUCUGAAAGUUGACUUGCCUGCAUCAUGUGUGACUGAGUAUUGGUGUAAAAUCACCCGCCAGCAGAUUAUACCUGCUGGUUUUUUUU;(((((((((....((.(....((((((((((((.(((..((((((((((...((.(((((...(((.....(((((.(.((((((.((&))...)))))).).)))))...)))...)).))).)).))))))).)))....))).))))))................))))))....)))....)))))))));-46.6
